{"cameraMode":{"drawMode":0,"name":"Shaded","section":"Shading Mode"},"sceneLighting":true,"audioPlay":false,"sceneViewState":{"m_AlwaysRefresh":false,"showFog":true,"showSkybox":true,"showFlares":true,"showImageEffects":true,"showParticleSystems":true,"showVisualEffectGraphs":true,"m_FxEnabled":true},"in2DMode":false,"pivot":{"x":432.6647033691406,"y":187.79493713378907,"z":-3.501265525817871},"rotation":{"x":-0.03937457129359245,"y":0.4722052216529846,"z":0.021111400797963144,"w":0.8803860545158386},"size":453.2044372558594,"orthographic":false}