{"cameraMode":{"drawMode":0,"name":"Shaded","section":"Shading Mode"},"sceneLighting":true,"audioPlay":false,"sceneViewState":{"m_AlwaysRefresh":false,"showFog":true,"showSkybox":true,"showFlares":true,"showImageEffects":true,"showParticleSystems":true,"showVisualEffectGraphs":true,"m_FxEnabled":true},"in2DMode":false,"pivot":{"x":-75.16011047363281,"y":17.765113830566408,"z":2.0657854080200197},"rotation":{"x":0.3131991922855377,"y":0.24574795365333558,"z":-0.08428766578435898,"w":0.9134842157363892},"size":8.703312873840332,"orthographic":false}